{
  "ents_f": 87.9701248411,
  "ents_p": 88.0890362302,
  "ents_r": 87.8515340562,
  "las": 86.0654869132,
  "tags_acc": 79.9557644457,
  "token_acc": 100.0,
  "uas": 89.5305711561
}